{
  "results": {
    "timestamp": "2025-09-06T00:18:56.545Z",
    "commit": "4e6816e7b5dbc5532dc0109afdce307d6dee39c6",
    "metrics": {
      "messages_per_second": 87.56497401039584,
      "bandwidth_mbps": 0.7460391843262695,
      "total_messages": 876,
      "total_bytes": 932922,
      "latency_ms": 164.64269406392694,
      "connected_users": 2
    }
  }
}