{
  "results": {
    "timestamp": "2025-09-05T23:38:45.770Z",
    "commit": "50baed5781317e1a50333e1bab33181d79437165",
    "metrics": {
      "messages_per_second": 87.42132081126985,
      "bandwidth_mbps": 0.7456665001498651,
      "total_messages": 875,
      "total_bytes": 932922,
      "latency_ms": 178.26514285714285,
      "connected_users": 2
    }
  }
}